[
    {
        "id": 1,
        "name": "コットン100％バックリボンティアードワンピース（黒）",
        "price": 6900,
        "description": "大人の愛らしさを引き立てる、ナチュラルな風合い。リラックス×トレンドを楽しめる、上品なティアードワンピース。"
    },
    {
        "id": 2,
        "name": "ライトストレッチカットソー（ネイビー）",
        "price": 2980,
        "description": "しなやかな肌触りが心地よい、程よいフィット感のカットソー。ビジネスカジュアルにも普段使いにも使える、ベーシックなデザイン。"
    },
    {
        "id": 3,
        "name": "ベルト付きデニムパンツ（ブルー）",
        "price": 5980,
        "description": "定番のデニムパンツに、フェミニンなベルトをプラスしたスタイリッシュなアイテム。カジュアルにもきれいめにも合わせやすい。"
    },
    {
        "id": 4,
        "name": "レースフレアスカート（ホワイト）",
        "price": 4980,
        "description": "エレガントな雰囲気を醸し出すレーススカート。裏地付きで透け感も抑えられ、通年使えるおすすめアイテム。"
    }
]