[
  {
    "id": 1,
    "type": "卸し",
    "date": "2023-04-03 18:54:13",
    "unit": 6900,
    "quantity": 2,
    "price": 13800,
    "inventory": 390
  },
  {
    "id": 2,
    "type": "仕入れ",
    "date": "2023-04-03 18:54:13",
    "unit": 6900,
    "quantity": 3,
    "price": 20700,
    "inventory": 392
  },
  {
    "id": 3,
    "type": "卸し",
    "date": "2023-04-03 18:54:13",
    "unit": 6900,
    "quantity": 1,
    "price": 6900,
    "inventory": 389
  },
  {
    "id": 4,
    "type": "卸し",
    "date": "2023-04-03 18:54:13",
    "unit": 6900,
    "quantity": 10,
    "price": 69000,
    "inventory": 390
  },
  {
    "id": 5,
    "type": "仕入れ",
    "date": "2023-04-03 18:54:13",
    "unit": 6900,
    "quantity": 400,
    "price": 2760000,
    "inventory": 400
  }
]